design_id,thickness_mm,width_mm,arm_length_mm,fillet_radius_mm,material_id,material_name,load_N,max_stress_MPa,max_deflection_mm,mass_kg,factor_of_safety
D0001,4.986,65.213,87.214,2.235,0,Mild Steel,881.4,414.643,1.4468,0.3784,0.603
D0002,6.944,46.937,71.021,4.373,2,Aluminium,689.3,178.098,0.911,0.1062,0.533
D0003,4.874,69.673,56.536,8.278,1,Stainless Steel,404.6,95.764,0.1878,0.2611,2.245
D0004,5.786,66.62,83.494,1.168,1,Stainless Steel,539.5,196.0,0.5044,0.4377,1.097
D0005,7.541,40.054,98.603,1.767,1,Stainless Steel,837.9,346.572,0.9691,0.4051,0.62
D0006,9.146,58.961,73.996,8.453,2,Aluminium,966.4,110.916,0.5032,0.1832,0.857
D0007,8.23,30.253,81.267,5.029,0,Mild Steel,1113.9,365.79,0.7091,0.27,0.683
D0008,3.908,37.739,79.152,6.847,2,Aluminium,156.8,148.639,2.0012,0.0536,0.639
D0009,8.525,61.014,59.43,2.255,0,Mild Steel,499.4,63.079,0.0555,0.4125,3.963
D0010,7.214,77.884,43.071,1.71,0,Mild Steel,400.7,40.634,0.0219,0.3229,6.153
D0011,4.678,73.999,54.321,9.51,1,Stainless Steel,184.7,42.19,0.081,0.2557,5.096
D0012,3.633,42.712,66.743,8.408,2,Aluminium,645.7,520.687,5.4362,0.0475,0.182
D0013,6.224,72.127,77.143,4.214,2,Aluminium,100.9,22.615,0.1544,0.159,4.201
D0014,7.812,42.037,77.47,7.705,2,Aluminium,1340.3,305.864,1.8027,0.1168,0.311
D0015,7.267,72.883,47.415,5.511,2,Aluminium,316.9,31.015,0.07,0.1153,3.063
D0016,6.835,57.642,41.534,2.867,2,Aluminium,802.8,109.447,0.1812,0.0751,0.868
D0017,6.994,53.799,59.119,1.252,1,Stainless Steel,384.6,84.767,0.0895,0.3025,2.536
D0018,7.082,57.356,66.554,3.578,0,Mild Steel,1155.8,229.114,0.3345,0.3608,1.091
D0019,7.49,63.359,71.355,2.944,2,Aluminium,218.3,39.131,0.1727,0.1554,2.428
D0020,7.986,55.47,68.991,7.448,1,Stainless Steel,1297.1,193.178,0.3125,0.4156,1.113
D0021,9.756,50.358,60.173,6.745,1,Stainless Steel,312.8,31.769,0.0302,0.4021,6.768
D0022,9.047,74.046,85.473,6.069,1,Stainless Steel,1378.9,158.223,0.3255,0.7787,1.359
D0023,5.55,59.316,47.069,9.241,0,Mild Steel,650.3,116.363,0.1338,0.2068,2.148
D0024,5.417,39.937,56.228,6.634,2,Aluminium,1003.9,350.163,1.63,0.0558,0.271
D0025,6.657,45.863,50.892,7.744,2,Aluminium,309.9,56.916,0.1751,0.0713,1.669
D0026,9.621,53.139,64.286,6.398,1,Stainless Steel,938.6,99.967,0.1092,0.447,2.151
D0027,6.218,51.173,75.542,6.245,1,Stainless Steel,574.6,165.229,0.4173,0.3269,1.301
D0028,7.503,72.753,77.352,4.273,2,Aluminium,160.5,25.42,0.1401,0.1938,3.737
D0029,8.186,31.042,63.906,9.841,1,Stainless Steel,1239.9,277.762,0.3939,0.2209,0.774
D0030,3.102,53.056,52.148,5.598,1,Stainless Steel,116.3,81.728,0.2158,0.1167,2.631
D0031,7.039,61.509,83.086,7.652,1,Stainless Steel,844.1,170.818,0.4678,0.4892,1.259
D0032,5.209,56.81,81.934,6.089,0,Mild Steel,814.5,317.262,1.1161,0.3236,0.788
D0033,4.095,74.757,52.677,8.634,0,Mild Steel,294.7,84.305,0.1678,0.2152,2.965
D0034,3.182,48.598,98.119,8.99,1,Stainless Steel,944.8,1282.526,11.8097,0.2064,0.168
D0035,3.265,79.707,63.174,9.716,2,Aluminium,286.3,144.937,1.5084,0.0755,0.655
D0036,4.621,35.547,84.001,4.047,0,Mild Steel,261.6,223.735,0.884,0.1841,1.117
D0037,8.881,63.926,56.648,2.645,2,Aluminium,1276.5,133.184,0.3004,0.1476,0.713
D0038,7.379,33.386,99.491,6.434,2,Aluminium,535.7,226.815,2.2801,0.1125,0.419
D0039,9.931,34.563,59.688,5.053,0,Mild Steel,617.6,92.558,0.0776,0.2734,2.701
D0040,4.281,52.617,58.813,1.372,1,Stainless Steel,869.3,487.541,0.8876,0.1802,0.441
D0041,6.771,72.336,64.05,2.888,0,Mild Steel,193.3,32.91,0.0452,0.4186,7.596
D0042,6.684,56.072,54.132,3.773,2,Aluminium,591.2,107.316,0.3247,0.0931,0.885
D0043,5.629,32.702,70.78,2.923,2,Aluminium,1216.0,708.421,4.2866,0.0598,0.134
D0044,5.511,79.322,86.788,9.851,1,Stainless Steel,992.7,246.29,1.0128,0.516,0.873
D0045,7.091,50.459,73.634,3.146,0,Mild Steel,1011.7,257.134,0.4489,0.3516,0.972
D0046,4.681,78.665,73.344,6.555,2,Aluminium,375.1,113.547,1.0634,0.124,0.837
D0047,9.322,48.465,62.803,2.146,1,Stainless Steel,1399.8,199.853,0.1831,0.3859,1.076
D0048,8.462,77.294,64.722,8.425,2,Aluminium,837.1,73.835,0.2809,0.1943,1.287
D0049,3.445,73.85,97.777,3.797,2,Aluminium,548.9,453.319,9.8488,0.1142,0.21
D0050,3.865,64.533,89.059,3.829,2,Aluminium,1090.7,760.804,11.988,0.102,0.125
D0051,9.246,62.678,47.555,5.691,2,Aluminium,1126.1,82.64,0.1417,0.1265,1.15
D0052,8.031,69.349,69.389,9.459,0,Mild Steel,917.6,104.166,0.1707,0.5157,2.4
D0053,4.2,50.931,73.069,1.928,1,Stainless Steel,431.5,305.676,0.9247,0.2126,0.703
D0054,6.976,71.476,51.885,1.958,1,Stainless Steel,1103.3,153.966,0.1316,0.3519,1.396
D0055,9.393,61.735,80.695,6.256,1,Stainless Steel,1489.1,179.729,0.317,0.6364,1.196
D0056,9.132,41.724,91.75,4.917,0,Mild Steel,252.0,56.304,0.1225,0.4665,4.44
D0057,9.229,65.568,63.376,4.191,1,Stainless Steel,593.3,58.743,0.0607,0.5216,3.66
D0058,5.702,69.246,79.963,3.587,0,Mild Steel,771.8,225.732,0.6148,0.4213,1.108
D0059,4.88,32.996,49.608,7.404,2,Aluminium,665.0,295.184,1.2272,0.0367,0.322
D0060,3.363,30.835,76.72,8.968,2,Aluminium,749.5,1122.852,16.7323,0.0365,0.085
D0061,9.443,48.072,88.646,8.837,2,Aluminium,903.0,142.527,0.901,0.1847,0.667
D0062,6.296,52.468,98.236,1.416,2,Aluminium,1425.0,645.923,5.9799,0.149,0.147
D0063,9.189,62.215,99.577,5.479,1,Stainless Steel,1473.5,232.275,0.6245,0.7743,0.926
D0064,5.738,72.052,92.231,7.311,2,Aluminium,130.5,36.627,0.4359,0.175,2.594
D0065,9.208,68.793,66.167,1.607,1,Stainless Steel,933.4,104.116,0.1043,0.57,2.065
D0066,5.606,32.266,71.947,7.411,0,Mild Steel,570.7,290.665,0.7478,0.1737,0.86
D0067,9.525,41.983,74.731,7.257,2,Aluminium,244.4,38.065,0.163,0.1372,2.496
D0068,4.941,65.159,61.227,8.319,1,Stainless Steel,1404.5,374.928,0.85,0.2681,0.573
D0069,4.083,42.337,91.02,8.266,0,Mild Steel,354.8,311.529,1.8565,0.21,0.802
D0070,4.437,49.338,60.475,4.576,1,Stainless Steel,1098.4,512.439,1.168,0.1801,0.42
D0071,7.473,43.986,63.544,9.211,2,Aluminium,1270.2,238.605,1.0293,0.0959,0.398
D0072,4.639,60.77,50.22,3.903,0,Mild Steel,756.6,226.314,0.3159,0.1889,1.105
D0073,4.109,31.407,60.288,1.704,1,Stainless Steel,257.1,258.855,0.5359,0.1058,0.831
D0074,5.912,70.269,92.333,3.35,0,Mild Steel,975.2,307.819,1.0575,0.5119,0.812
D0075,5.966,44.227,99.064,2.36,2,Aluminium,543.0,304.781,3.2581,0.12,0.312
D0076,3.197,43.839,69.156,7.969,1,Stainless Steel,1454.0,1528.406,6.9602,0.1318,0.141
D0077,7.707,45.422,97.822,6.543,0,Mild Steel,759.5,214.112,0.6838,0.457,1.168
D0078,6.278,53.357,65.305,7.253,0,Mild Steel,1372.0,312.785,0.5787,0.292,0.799
D0079,6.003,66.073,80.441,2.13,1,Stainless Steel,345.0,105.685,0.2604,0.4339,2.034
D0080,3.555,78.931,75.07,6.708,2,Aluminium,957.6,493.581,6.6246,0.0967,0.192
D0081,3.848,33.09,65.022,5.168,2,Aluminium,1460.3,1387.507,12.3422,0.038,0.068
D0082,5.475,33.31,84.716,2.123,1,Stainless Steel,893.3,678.235,2.0595,0.2101,0.317
D0083,6.726,73.696,70.291,1.422,0,Mild Steel,1313.3,267.471,0.4069,0.4649,0.935
D0084,5.576,38.405,84.922,6.667,2,Aluminium,1446.5,751.001,7.7155,0.0835,0.126
D0085,4.066,55.664,45.499,4.659,1,Stainless Steel,1209.3,439.684,0.6311,0.14,0.489
D0086,7.879,51.897,86.615,1.689,2,Aluminium,1099.1,285.013,1.6311,0.1626,0.333
D0087,6.034,33.769,51.43,1.227,0,Mild Steel,762.6,309.256,0.2796,0.1399,0.808
D0088,7.944,42.573,82.45,5.009,0,Mild Steel,415.9,105.041,0.2184,0.3721,2.38
D0089,3.935,66.404,45.327,3.322,2,Aluminium,1205.4,413.587,1.6082,0.0544,0.23
D0090,6.06,32.502,77.739,7.929,2,Aluminium,457.9,214.426,1.7241,0.0703,0.443
D0091,4.586,57.926,66.829,7.012,1,Stainless Steel,1285.1,495.114,1.4227,0.2415,0.434
D0092,4.573,53.168,85.854,1.873,2,Aluminium,943.2,646.167,6.8057,0.0958,0.147
D0093,8.605,64.988,68.605,9.98,2,Aluminium,964.3,100.875,0.4359,0.1761,0.942
D0094,8.639,70.779,50.106,5.303,1,Stainless Steel,460.5,36.137,0.0263,0.4167,5.95
D0095,7.685,58.127,87.588,3.683,2,Aluminium,1049.0,231.409,1.5487,0.1796,0.411
D0096,7.966,62.548,53.539,5.205,0,Mild Steel,661.4,72.932,0.0642,0.356,3.428
D0097,9.844,52.315,54.741,8.435,0,Mild Steel,176.9,14.828,0.0116,0.3762,16.86
D0098,6.612,79.627,65.877,1.201,2,Aluminium,1223.3,226.843,0.881,0.1592,0.419
D0099,8.755,78.113,74.535,4.955,1,Stainless Steel,387.5,40.504,0.0634,0.6932,5.308
D0100,3.46,43.631,53.437,8.6,0,Mild Steel,441.8,307.719,0.7459,0.1077,0.812
D0101,4.718,50.843,79.408,7.202,2,Aluminium,1144.1,563.958,6.2194,0.0874,0.168
D0102,8.497,78.224,62.216,4.788,0,Mild Steel,685.4,63.449,0.0688,0.5519,3.94
D0103,8.412,63.763,46.994,3.006,2,Aluminium,834.2,78.689,0.1322,0.1157,1.207
D0104,4.223,67.807,94.926,4.645,0,Mild Steel,270.7,157.414,0.907,0.3627,1.588
D0105,5.872,72.219,83.785,8.506,2,Aluminium,610.7,145.462,1.4243,0.1631,0.653
D0106,6.111,32.42,74.2,4.348,2,Aluminium,766.6,377.981,2.4542,0.0675,0.251
D0107,6.095,54.108,60.561,4.605,2,Aluminium,1175.6,281.647,1.2354,0.0917,0.337
D0108,9.519,79.373,47.684,3.743,1,Stainless Steel,553.0,32.738,0.0182,0.49,6.567
D0109,9.72,42.87,86.416,6.49,1,Stainless Steel,627.0,108.926,0.213,0.4897,1.974
D0110,3.706,70.634,83.592,5.099,2,Aluminium,516.7,317.496,4.8643,0.1004,0.299
D0111,4.395,55.237,48.582,2.756,0,Mild Steel,727.6,273.008,0.3559,0.1574,0.916
D0112,8.714,59.142,42.751,7.936,2,Aluminium,787.2,57.487,0.0911,0.1011,1.653
D0113,3.407,49.98,72.316,1.215,1,Stainless Steel,1034.2,1167.617,4.0996,0.1675,0.184
D0114,6.306,36.686,77.294,5.375,1,Stainless Steel,941.1,387.451,0.9793,0.2432,0.555
D0115,3.089,39.596,73.852,1.753,1,Stainless Steel,886.7,1454.218,6.3399,0.1229,0.148
D0116,9.924,45.508,91.841,5.832,1,Stainless Steel,495.9,84.738,0.179,0.5641,2.537
D0117,8.419,36.289,41.39,9.364,0,Mild Steel,396.5,47.164,0.026,0.1688,5.301
D0118,7.426,44.402,68.366,2.752,0,Mild Steel,127.9,32.182,0.045,0.3008,7.768
D0119,7.411,54.213,92.969,7.036,0,Mild Steel,366.0,86.977,0.2666,0.4985,2.874
D0120,5.832,33.525,86.937,3.88,0,Mild Steel,219.9,136.613,0.4346,0.2268,1.83
D0121,7.603,37.103,58.71,2.834,1,Stainless Steel,844.4,208.069,0.2172,0.2252,1.033
D0122,7.553,54.761,67.189,2.669,2,Aluminium,1181.6,230.58,0.8807,0.1275,0.412
D0123,5.35,56.445,59.303,2.845,1,Stainless Steel,181.0,56.41,0.0905,0.2436,3.811
D0124,3.516,68.438,72.965,9.053,1,Stainless Steel,1058.9,621.675,2.8649,0.2388,0.346
D0125,8.159,51.376,49.701,9.618,2,Aluminium,1166.4,124.012,0.2975,0.0956,0.766
D0126,5.62,66.934,97.192,8.387,1,Stainless Steel,858.8,278.244,1.3752,0.4972,0.773
D0127,5.148,79.765,97.396,8.674,0,Mild Steel,232.9,74.429,0.3955,0.5337,3.359
D0128,4.515,39.777,86.029,8.368,2,Aluminium,697.6,507.71,7.0317,0.0709,0.187
D0129,3.376,64.6,45.895,5.916,1,Stainless Steel,455.5,195.983,0.3671,0.1361,1.097
D0130,9.022,48.166,81.049,7.14,1,Stainless Steel,1247.9,203.341,0.3893,0.479,1.057
D0131,4.36,53.509,69.933,8.016,1,Stainless Steel,504.0,237.898,0.8054,0.2219,0.904
D0132,6.963,68.096,56.37,6.946,1,Stainless Steel,908.7,117.011,0.1468,0.3635,1.837
D0133,8.702,55.759,74.081,3.069,0,Mild Steel,778.2,123.907,0.1722,0.4797,2.018
D0134,6.188,30.599,53.9,4.251,1,Stainless Steel,1137.4,423.712,0.509,0.1388,0.507
D0135,9.998,31.869,61.0,4.874,2,Aluminium,1069.3,176.512,0.4417,0.0892,0.538
D0136,3.497,70.09,72.15,3.923,0,Mild Steel,509.8,316.719,1.2775,0.236,0.789
D0137,8.109,30.733,49.998,8.943,1,Stainless Steel,222.2,40.693,0.0351,0.1695,5.283
D0138,6.858,38.215,57.304,5.039,0,Mild Steel,712.4,181.614,0.2175,0.2004,1.377
D0139,5.727,79.842,95.076,5.24,1,Stainless Steel,737.2,205.17,0.8757,0.5912,1.048
D0140,7.637,54.021,50.441,7.905,1,Stainless Steel,867.0,103.941,0.0958,0.283,2.068
D0141,7.956,45.806,52.284,8.337,2,Aluminium,1368.7,184.439,0.4917,0.0875,0.515
D0142,3.203,58.267,92.622,5.343,0,Mild Steel,1323.9,1424.021,10.9835,0.2307,0.176
D0143,8.355,63.194,51.519,6.731,0,Mild Steel,443.5,40.681,0.0329,0.363,6.145
D0144,5.81,51.12,48.99,3.615,1,Stainless Steel,676.4,158.488,0.1645,0.1979,1.357
D0145,9.889,67.964,43.796,3.716,2,Aluminium,1000.4,59.268,0.0741,0.1351,1.603
D0146,7.935,76.646,86.893,8.718,2,Aluminium,1032.1,137.688,1.0253,0.2426,0.69
D0147,6.135,31.746,72.789,8.119,0,Mild Steel,526.9,230.368,0.5544,0.1892,1.085
D0148,9.875,65.483,65.67,3.244,0,Mild Steel,362.7,34.187,0.0326,0.5667,7.313
D0149,8.693,54.574,77.814,7.525,2,Aluminium,434.8,63.549,0.3312,0.1694,1.495
D0150,4.056,31.556,60.957,5.383,0,Mild Steel,1115.4,939.544,2.3997,0.1041,0.266
D0151,6.94,49.056,71.676,1.488,2,Aluminium,1307.1,382.407,1.7014,0.112,0.248
D0152,8.399,58.722,47.107,3.114,0,Mild Steel,430.3,44.075,0.0259,0.3101,5.672
D0153,5.64,46.404,82.395,8.888,2,Aluminium,1476.9,576.65,5.7525,0.099,0.165
D0154,7.153,72.651,48.897,5.288,0,Mild Steel,1363.2,143.189,0.1199,0.3391,1.746
D0155,6.427,45.953,59.741,6.852,1,Stainless Steel,1257.3,294.744,0.4554,0.24,0.729
D0156,9.395,48.948,93.084,1.303,1,Stainless Steel,420.0,90.587,0.173,0.5822,2.373
D0157,6.765,41.84,83.355,7.486,0,Mild Steel,702.0,226.086,0.6276,0.3149,1.106
D0158,3.579,75.182,62.668,1.153,1,Stainless Steel,910.6,544.562,1.3475,0.2293,0.395
D0159,4.864,41.132,55.868,3.369,1,Stainless Steel,1124.3,521.894,0.8584,0.152,0.412
D0160,8.678,50.665,41.183,9.884,2,Aluminium,544.0,43.226,0.0665,0.0831,2.198
D0161,3.738,64.307,68.511,1.351,2,Aluminium,209.4,144.347,1.162,0.0756,0.658
D0162,7.747,62.359,78.083,7.112,1,Stainless Steel,863.0,137.929,0.2937,0.513,1.559
D0163,3.77,74.582,51.001,3.511,1,Stainless Steel,419.4,154.131,0.2885,0.195,1.395
D0164,9.663,58.177,43.546,7.891,1,Stainless Steel,188.0,11.809,0.0061,0.3329,18.207
D0165,4.831,37.617,54.071,1.545,1,Stainless Steel,1178.4,667.641,0.9102,0.1336,0.322
D0166,4.236,41.45,40.677,9.087,2,Aluminium,559.1,208.149,0.6921,0.0328,0.456
D0167,7.8,48.704,57.66,4.77,0,Mild Steel,520.6,83.879,0.0864,0.2923,2.98
D0168,6.027,70.02,99.802,3.649,0,Mild Steel,334.5,108.857,0.4338,0.562,2.297
D0169,4.132,55.1,58.048,8.584,1,Stainless Steel,937.4,393.958,0.978,0.1797,0.546
D0170,5.673,68.3,92.432,9.263,0,Mild Steel,881.8,258.171,1.1168,0.4779,0.968
D0171,9.718,47.983,79.514,2.651,0,Mild Steel,1163.5,191.697,0.2657,0.4948,1.304
D0172,7.346,35.689,69.712,1.264,0,Mild Steel,1496.5,533.219,0.7166,0.2439,0.469
D0173,5.535,54.606,93.122,6.961,2,Aluminium,1002.8,403.978,5.0704,0.1292,0.235
D0174,3.923,58.345,94.72,2.214,2,Aluminium,769.2,681.788,10.7594,0.0995,0.139
D0175,3.855,76.331,70.102,7.054,2,Aluminium,135.7,57.602,0.6197,0.0947,1.649
D0176,4.285,55.884,46.068,1.726,1,Stainless Steel,406.6,162.428,0.1875,0.15,1.324
D0177,4.78,76.117,58.406,3.558,2,Aluminium,1214.9,325.356,1.6877,0.0975,0.292
D0178,8.619,78.55,75.487,2.168,0,Mild Steel,709.7,87.042,0.1214,0.682,2.872
D0179,9.961,63.587,44.176,2.439,2,Aluminium,462.2,30.776,0.0368,0.1284,3.087
D0180,4.786,60.06,86.38,1.192,1,Stainless Steel,1127.8,671.936,2.2875,0.3377,0.32
D0181,4.745,38.145,55.495,5.148,2,Aluminium,1159.4,556.379,2.8197,0.0461,0.171
D0182,8.557,59.875,49.089,8.526,0,Mild Steel,1170.3,98.823,0.0738,0.3357,2.53
D0183,7.728,33.844,98.51,5.8,1,Stainless Steel,970.4,376.599,1.231,0.3504,0.571
D0184,7.201,66.744,60.686,4.805,2,Aluminium,1151.0,164.379,0.5985,0.1339,0.578
D0185,5.799,48.263,70.838,2.012,1,Stainless Steel,332.9,132.188,0.2606,0.2696,1.626
D0186,5.669,34.487,80.115,1.126,1,Stainless Steel,469.3,329.678,0.7961,0.213,0.652
D0187,3.148,73.386,45.66,8.219,0,Mild Steel,163.5,69.901,0.136,0.1408,3.576
D0188,5.179,74.672,56.788,7.422,1,Stainless Steel,237.4,47.723,0.0869,0.2987,4.505
D0189,8.025,61.346,73.782,9.529,0,Mild Steel,250.6,34.2,0.0635,0.4847,7.31
D0190,5.284,30.441,70.915,8.202,0,Mild Steel,267.2,156.283,0.4244,0.1522,1.6
D0191,5.094,31.646,46.776,7.478,2,Aluminium,489.8,197.115,0.6948,0.0346,0.482
D0192,3.526,60.185,68.748,7.173,1,Stainless Steel,1053.1,658.704,2.6872,0.1984,0.326
D0193,5.84,51.297,44.687,3.383,1,Stainless Steel,1441.8,307.883,0.2609,0.1821,0.698
D0194,8.011,63.087,69.584,8.162,1,Stainless Steel,1287.2,166.161,0.2771,0.4783,1.294
D0195,9.437,78.914,88.588,5.876,2,Aluminium,1177.2,122.432,0.7154,0.3028,0.776
D0196,9.351,61.295,46.56,2.492,0,Mild Steel,512.6,41.925,0.0206,0.3561,5.963
D0197,8.833,66.265,67.326,1.383,1,Stainless Steel,1301.3,168.1,0.1802,0.536,1.279
D0198,5.556,72.972,61.395,5.75,0,Mild Steel,1348.8,275.335,0.4988,0.3322,0.908
D0199,7.531,47.521,77.521,2.047,1,Stainless Steel,233.2,63.001,0.1109,0.3773,3.413
D0200,4.908,61.197,84.6,9.175,2,Aluminium,482.0,189.591,2.3382,0.1166,0.501
D0201,8.343,78.045,89.487,2.588,1,Stainless Steel,378.5,57.605,0.1241,0.7924,3.732
D0202,6.507,66.09,65.268,1.814,2,Aluminium,367.3,80.215,0.3251,0.1288,1.184
D0203,4.147,41.2,83.653,6.476,1,Stainless Steel,694.2,573.937,2.8657,0.1944,0.375
D0204,8.481,40.61,88.215,6.534,2,Aluminium,1370.6,327.913,2.2016,0.1395,0.29
D0205,6.513,62.271,90.001,1.667,1,Stainless Steel,149.8,48.288,0.1316,0.4964,4.452
D0206,5.038,45.171,96.563,9.299,0,Mild Steel,995.1,575.189,3.102,0.2933,0.435
D0207,6.33,42.19,74.849,7.331,2,Aluminium,402.4,130.741,0.914,0.0918,0.727
D0208,7.099,32.138,44.359,7.548,2,Aluminium,312.0,63.687,0.1373,0.0465,1.492
D0209,4.166,71.028,49.334,5.085,0,Mild Steel,499.0,145.259,0.2334,0.1948,1.721
D0210,3.125,59.567,48.422,1.437,2,Aluminium,1394.4,1010.942,5.0511,0.0414,0.094
D0211,9.409,49.489,85.572,2.093,0,Mild Steel,216.0,40.538,0.0657,0.5317,6.167
D0212,5.127,67.507,60.08,6.572,2,Aluminium,1456.4,355.697,2.0123,0.0954,0.267
D0213,3.211,46.282,95.974,4.411,2,Aluminium,680.3,976.429,22.7611,0.0655,0.097
D0214,8.309,35.217,92.831,2.815,1,Stainless Steel,983.4,342.718,0.8072,0.3694,0.627
D0215,8.24,46.782,48.056,2.336,2,Aluminium,973.0,137.572,0.2392,0.085,0.691
D0216,8.736,38.621,46.451,5.956,0,Mild Steel,878.6,112.29,0.0684,0.2092,2.226
D0217,4.525,60.507,56.108,6.267,0,Mild Steel,949.4,306.322,0.598,0.205,0.816
D0218,4.8,70.353,62.024,6.513,0,Mild Steel,357.9,97.923,0.2196,0.2795,2.553
D0219,3.312,57.78,48.371,1.071,1,Stainless Steel,621.3,435.504,0.6941,0.1259,0.494
D0220,6.799,64.482,99.918,2.952,2,Aluminium,1296.6,382.083,3.7006,0.2011,0.249
D0221,5.438,64.222,41.42,9.627,0,Mild Steel,573.3,86.212,0.0789,0.1931,2.9
D0222,8.568,52.157,89.361,3.94,1,Stainless Steel,1184.6,240.734,0.5341,0.5431,0.893
D0223,5.122,76.215,67.038,9.461,2,Aluminium,282.0,64.91,0.4811,0.1201,1.464
D0224,3.513,43.155,79.721,9.126,0,Mild Steel,1054.6,1075.178,5.7141,0.1613,0.233
D0225,7.332,39.491,65.517,3.232,2,Aluminium,519.0,140.431,0.5435,0.0871,0.676
D0226,4.032,67.875,65.931,2.415,0,Mild Steel,888.7,441.285,1.145,0.2408,0.567
D0227,9.778,39.124,48.79,2.054,2,Aluminium,466.4,58.79,0.0858,0.0857,1.616
D0228,8.911,57.045,94.858,5.679,1,Stainless Steel,812.4,139.75,0.356,0.6558,1.538
D0229,8.538,78.768,62.417,7.663,1,Stainless Steel,563.4,47.115,0.0579,0.5708,4.563
D0230,7.698,69.604,78.72,2.403,0,Mild Steel,254.2,44.787,0.0781,0.5629,5.582
D0231,6.417,57.51,55.99,1.598,1,Stainless Steel,1470.8,330.068,0.3521,0.281,0.651
D0232,8.634,68.746,52.5,3.123,2,Aluminium,912.5,84.515,0.173,0.143,1.124
D0233,3.081,59.362,54.418,3.457,0,Mild Steel,1142.7,814.26,2.1207,0.1328,0.307
D0234,8.578,65.765,87.746,9.073,2,Aluminium,1366.8,184.861,1.2894,0.2272,0.514
D0235,4.022,76.855,52.874,4.109,1,Stainless Steel,546.8,174.585,0.335,0.2223,1.231
D0236,8.661,71.795,46.663,7.882,2,Aluminium,841.5,55.94,0.1063,0.1332,1.698
D0237,4.811,69.99,92.791,3.937,1,Stainless Steel,1212.6,543.839,2.5759,0.425,0.395
D0238,5.242,62.633,54.201,2.033,1,Stainless Steel,320.1,90.207,0.1171,0.242,2.383
D0239,5.398,60.301,75.812,8.74,0,Mild Steel,1271.6,382.424,1.1683,0.3293,0.654
D0240,6.626,42.482,54.834,2.466,1,Stainless Steel,280.3,74.19,0.0775,0.2099,2.898
D0241,6.738,77.537,40.917,9.554,0,Mild Steel,1415.9,116.849,0.0818,0.2853,2.14
D0242,7.398,60.7,99.151,6.771,1,Stainless Steel,1146.7,262.313,0.9427,0.6055,0.82
D0243,6.584,44.598,61.444,8.494,0,Mild Steel,1392.0,318.785,0.5073,0.2408,0.784
D0244,4.464,79.557,63.244,6.21,1,Stainless Steel,410.2,116.529,0.3039,0.3055,1.845
D0245,5.275,68.649,41.211,5.55,1,Stainless Steel,449.6,72.423,0.0647,0.203,2.969
D0246,7.003,55.961,50.352,4.931,0,Mild Steel,1194.2,176.612,0.1586,0.2633,1.416
D0247,8.376,35.118,80.58,8.91,2,Aluminium,169.5,41.312,0.2491,0.1088,2.3
D0248,9.754,54.483,82.858,5.992,1,Stainless Steel,734.4,97.095,0.1712,0.5988,2.214
D0249,8.17,60.973,55.164,3.399,2,Aluminium,1321.8,158.563,0.3869,0.1261,0.599
D0250,4.047,77.449,58.179,3.837,0,Mild Steel,1091.8,381.261,0.8377,0.2433,0.656
D0251,9.346,63.491,40.288,1.471,0,Mild Steel,1042.4,75.104,0.0263,0.319,3.329
D0252,3.235,63.854,53.118,5.762,1,Stainless Steel,566.7,310.361,0.8142,0.1492,0.693
D0253,5.869,70.883,75.268,5.936,0,Mild Steel,110.3,25.575,0.0656,0.4179,9.775
D0254,7.517,72.486,72.502,1.863,0,Mild Steel,581.8,97.801,0.144,0.5272,2.556
D0255,6.839,74.885,87.96,1.846,1,Stainless Steel,1495.0,353.015,0.8804,0.6126,0.609
D0256,5.26,50.734,42.69,7.812,0,Mild Steel,775.3,166.315,0.1634,0.152,1.503
D0257,9.062,39.883,62.157,5.116,2,Aluminium,501.5,79.95,0.2352,0.1031,1.188
D0258,3.596,43.801,83.267,7.353,0,Mild Steel,997.0,998.145,5.6531,0.175,0.25
D0259,4.453,46.195,52.945,3.185,0,Mild Steel,278.9,129.532,0.2029,0.1453,1.93
D0260,7.616,37.575,78.483,4.544,1,Stainless Steel,1338.1,400.749,0.8078,0.3054,0.536
D0261,6.719,66.203,88.024,9.921,2,Aluminium,1260.1,261.941,2.4808,0.1797,0.363
D0262,8.916,75.117,45.033,6.324,0,Mild Steel,853.8,51.83,0.0293,0.4025,4.823
D0263,5.235,67.09,67.642,9.445,0,Mild Steel,354.2,89.657,0.2278,0.3171,2.788
D0264,3.47,36.536,55.097,5.609,2,Aluminium,795.7,694.598,5.0522,0.0321,0.137
D0265,5.596,56.628,88.799,1.783,2,Aluminium,1191.2,549.061,4.8731,0.1292,0.173
D0266,8.251,73.802,78.943,1.656,1,Stainless Steel,386.6,58.969,0.0951,0.6538,3.646
D0267,5.768,38.459,55.746,6.611,1,Stainless Steel,305.4,97.852,0.1486,0.1682,2.197
D0268,3.48,49.734,44.241,5.322,1,Stainless Steel,1419.8,732.471,1.2156,0.1041,0.294
D0269,9.509,73.432,90.952,3.032,1,Stainless Steel,1343.7,169.406,0.3319,0.8637,1.269
D0270,4.976,58.548,64.663,7.684,1,Stainless Steel,274.7,85.946,0.2134,0.2562,2.502
D0271,8.964,67.43,66.972,3.2,0,Mild Steel,742.0,83.073,0.0918,0.5402,3.009
D0272,4.33,65.873,79.854,5.31,0,Mild Steel,489.3,229.935,0.9319,0.3039,1.087
D0273,9.864,38.552,83.838,2.994,0,Mild Steel,1410.3,292.001,0.4492,0.4255,0.856
D0274,7.894,34.732,40.486,9.142,2,Aluminium,1172.5,160.978,0.264,0.0509,0.59
D0275,3.431,57.671,53.06,8.173,1,Stainless Steel,947.1,504.137,1.2593,0.1428,0.426
D0276,9.696,44.779,97.213,3.75,1,Stainless Steel,1051.0,217.252,0.4903,0.574,0.99
D0277,8.117,49.664,40.347,8.65,1,Stainless Steel,1147.8,105.433,0.0588,0.2212,2.039
D0278,9.615,67.691,95.87,9.026,2,Aluminium,508.2,59.391,0.4315,0.2864,1.6
D0279,4.587,35.93,87.688,7.734,0,Mild Steel,718.7,578.026,2.7941,0.1929,0.433
D0280,7.233,68.205,85.208,3.211,0,Mild Steel,1282.1,268.11,0.6146,0.561,0.932
D0281,6.88,45.161,87.803,8.9,0,Mild Steel,204.6,60.525,0.1883,0.3641,4.131
D0282,7.442,46.003,48.691,6.462,1,Stainless Steel,670.0,99.138,0.0846,0.2267,2.169
D0283,6.257,56.919,65.716,3.131,2,Aluminium,347.0,87.84,0.4095,0.1074,1.082
D0284,3.294,43.038,90.546,1.797,1,Stainless Steel,1026.4,1682.3,10.2655,0.1746,0.128
D0285,7.192,58.876,56.454,2.104,1,Stainless Steel,1076.8,185.816,0.1834,0.3251,1.157
D0286,3.684,77.743,68.092,5.578,2,Aluminium,1135.0,515.221,5.345,0.0895,0.184
D0287,5.369,47.616,75.696,5.978,0,Mild Steel,428.5,174.65,0.5044,0.2583,1.431
D0288,4.949,75.565,97.448,4.886,1,Stainless Steel,1042.7,414.853,2.1838,0.4956,0.518
D0289,8.434,68.579,43.885,1.104,1,Stainless Steel,1315.2,118.926,0.056,0.3452,1.808
D0290,7.135,74.924,90.246,2.896,1,Stainless Steel,1399.2,294.137,0.7832,0.6561,0.731
D0291,8.066,76.949,51.314,9.371,2,Aluminium,472.5,35.529,0.0917,0.1462,2.674
D0292,4.737,46.898,63.856,2.591,0,Mild Steel,1326.5,679.983,1.3855,0.1893,0.368
D0293,5.103,50.205,61.582,2.825,2,Aluminium,772.8,306.927,1.5686,0.0724,0.31
D0294,5.71,48.214,88.377,8.999,0,Mild Steel,1434.3,563.956,2.2054,0.3247,0.443
D0295,6.162,61.484,70.689,7.758,1,Stainless Steel,1237.5,271.077,0.6296,0.3643,0.793
D0296,3.671,43.297,84.801,1.638,1,Stainless Steel,1396.2,1775.977,8.2401,0.1833,0.121
D0297,3.648,71.244,62.541,9.547,2,Aluminium,1335.2,599.561,5.4724,0.0746,0.158
D0298,7.468,43.168,59.253,7.797,1,Stainless Steel,1412.6,259.966,0.3388,0.2598,0.827
D0299,6.908,61.931,99.635,1.048,0,Mild Steel,1258.7,422.043,1.2198,0.5688,0.592
D0300,7.251,39.679,69.237,4.325,0,Mild Steel,707.5,195.276,0.3105,0.2658,1.28
D0301,9.794,63.503,91.563,4.984,1,Stainless Steel,653.4,84.059,0.1743,0.7745,2.558
D0302,4.697,51.939,61.954,5.257,2,Aluminium,1288.3,514.216,3.2988,0.0694,0.185
D0303,8.902,78.4,59.837,4.724,0,Mild Steel,1196.9,97.93,0.0927,0.5573,2.553
D0304,9.833,61.907,70.404,6.038,2,Aluminium,1014.2,98.67,0.3486,0.1967,0.963
D0305,6.567,31.956,60.812,8.459,1,Stainless Steel,721.3,229.473,0.3716,0.1735,0.937
D0306,4.538,33.637,41.852,2.393,0,Mild Steel,1438.7,739.254,0.6711,0.0853,0.338
D0307,6.158,30.823,66.645,9.164,0,Mild Steel,876.8,352.493,0.7212,0.1688,0.709
D0308,7.276,44.935,85.725,8.323,1,Stainless Steel,183.0,48.492,0.138,0.3812,4.434
D0309,6.642,47.813,87.464,5.647,0,Mild Steel,145.6,46.92,0.139,0.3707,5.328
D0310,7.65,39.313,96.325,1.505,0,Mild Steel,598.7,243.779,0.6079,0.3866,1.026
D0311,5.227,33.963,42.17,9.019,1,Stainless Steel,659.4,207.265,0.2113,0.1018,1.037
D0312,3.889,36.006,47.75,8.025,2,Aluminium,1486.3,887.217,4.4281,0.0307,0.107
D0313,8.215,31.282,71.711,7.946,0,Mild Steel,613.8,158.134,0.261,0.2459,1.581
D0314,3.613,74.41,90.898,6.888,0,Mild Steel,810.5,518.866,3.4693,0.3261,0.482
D0315,5.072,46.536,49.245,3.777,0,Mild Steel,426.4,139.878,0.1677,0.1551,1.787
D0316,9.087,76.351,52.315,8.725,1,Stainless Steel,224.0,14.114,0.0116,0.4936,15.234
D0317,7.995,39.224,84.26,8.136,2,Aluminium,201.3,50.817,0.3482,0.1213,1.869
D0318,3.724,69.305,54.944,4.236,2,Aluminium,1329.3,559.472,3.571,0.0651,0.17
D0319,9.239,62.079,59.905,9.349,2,Aluminium,1087.4,92.443,0.2768,0.1577,1.028
D0320,3.96,51.484,48.282,5.218,2,Aluminium,552.0,237.066,1.1263,0.0452,0.401
D0321,5.439,44.905,75.132,9.943,0,Mild Steel,1452.8,564.468,1.7052,0.2449,0.443
D0322,3.662,70.17,89.674,5.269,0,Mild Steel,1230.7,831.042,5.1515,0.3075,0.301
D0323,7.325,74.602,93.923,3.634,1,Stainless Steel,193.7,39.066,0.1134,0.6981,5.503
D0324,3.278,48.833,56.943,6.13,2,Aluminium,853.6,635.073,5.314,0.0418,0.15
D0325,9.741,38.04,45.919,1.974,2,Aluminium,1464.1,180.657,0.2337,0.0781,0.526
D0326,9.326,59.636,63.781,1.042,0,Mild Steel,143.4,17.898,0.0154,0.4734,13.968
D0327,8.933,45.262,82.536,8.55,0,Mild Steel,151.4,26.289,0.0528,0.4453,9.51
D0328,4.897,43.383,66.208,3.096,0,Mild Steel,527.6,276.258,0.6012,0.1877,0.905
D0329,4.31,42.825,72.853,8.107,0,Mild Steel,465.9,292.326,1.0512,0.1794,0.855
D0330,4.966,37.309,93.62,6.446,1,Stainless Steel,1082.8,793.109,4.0295,0.2359,0.271
D0331,8.55,47.144,67.875,1.628,1,Stainless Steel,979.8,188.261,0.2155,0.3721,1.142
D0332,8.21,34.315,64.415,6.589,1,Stainless Steel,827.9,181.223,0.2415,0.2468,1.186
D0333,6.895,79.197,94.522,5.632,0,Mild Steel,298.5,58.711,0.1942,0.6888,4.258
D0334,5.65,37.763,80.377,9.594,2,Aluminium,1243.6,574.543,5.4964,0.0787,0.165
D0335,5.166,31.198,96.024,2.918,1,Stainless Steel,779.5,755.048,3.3248,0.2105,0.285
D0336,8.997,40.439,61.656,4.257,2,Aluminium,1022.8,166.922,0.4718,0.103,0.569
D0337,3.411,66.848,85.025,4.296,2,Aluminium,820.7,649.028,11.0203,0.089,0.146
D0338,5.996,74.125,53.749,6.331,0,Mild Steel,206.4,31.069,0.0401,0.3188,8.047
D0339,9.291,61.757,86.175,6.419,0,Mild Steel,329.4,43.08,0.0851,0.6598,5.803
D0340,5.059,56.901,50.62,5.726,2,Aluminium,1279.0,327.621,1.3055,0.0669,0.29
D0341,9.651,51.668,68.165,6.18,1,Stainless Steel,1235.2,143.595,0.1746,0.4623,1.497
D0342,3.105,40.242,50.759,5.427,0,Mild Steel,1030.3,930.732,2.2367,0.0846,0.269
D0343,4.134,35.385,71.402,7.632,1,Stainless Steel,808.6,655.261,2.4401,0.1421,0.328
D0344,9.769,52.222,69.039,3.465,1,Stainless Steel,123.7,15.54,0.0173,0.479,13.835
D0345,4.563,78.732,46.329,7.127,2,Aluminium,607.5,120.243,0.4682,0.0764,0.79
D0346,8.658,35.888,89.913,9.61,0,Mild Steel,932.1,230.38,0.5818,0.3728,1.085
D0347,6.174,63.746,44.425,7.566,2,Aluminium,1227.3,163.091,0.4158,0.0803,0.582
D0348,7.856,59.176,56.078,4.157,2,Aluminium,793.5,103.548,0.2827,0.1197,0.917
D0349,7.069,75.981,94.097,5.891,0,Mild Steel,672.3,130.033,0.4175,0.6744,1.923
D0350,3.319,43.521,42.847,8.613,0,Mild Steel,1226.0,745.932,1.2118,0.0826,0.335
D0351,4.334,73.317,51.911,7.618,1,Stainless Steel,1459.5,379.621,0.7089,0.2243,0.566
D0352,8.943,53.655,95.503,4.991,0,Mild Steel,1035.8,194.06,0.4702,0.6116,1.288
D0353,9.074,45.403,76.979,4.434,0,Mild Steel,123.1,21.835,0.0331,0.4232,11.449
D0354,3.396,44.668,75.393,5.198,1,Stainless Steel,690.7,710.008,3.5073,0.1555,0.303
D0355,5.758,37.852,42.037,9.057,2,Aluminium,376.2,88.157,0.2241,0.0421,1.078
D0356,9.551,40.857,80.755,5.36,2,Aluminium,1195.6,217.877,1.0255,0.1446,0.436
D0357,3.231,44.267,57.074,6.908,0,Mild Steel,561.4,472.032,1.3977,0.1089,0.53
D0358,5.884,45.639,91.231,2.277,2,Aluminium,1086.8,561.728,5.147,0.1124,0.169
D0359,7.751,73.224,57.978,8.085,0,Mild Steel,394.2,38.854,0.0451,0.4391,6.434
D0360,8.282,42.619,89.271,5.462,2,Aluminium,170.9,42.595,0.2911,0.1446,2.23
D0361,9.573,67.281,44.586,3.48,2,Aluminium,1059.8,69.239,0.0923,0.1318,1.372
D0362,7.11,57.244,67.255,6.784,2,Aluminium,211.8,37.426,0.1815,0.1256,2.538
D0363,5.902,79.047,65.426,6.411,0,Mild Steel,1430.4,252.272,0.4929,0.4074,0.991
D0364,6.494,77.103,89.553,4.533,2,Aluminium,628.2,139.714,1.2389,0.2058,0.68
D0365,6.536,38.709,76.147,8.641,0,Mild Steel,891.6,294.729,0.7285,0.2571,0.848
D0366,8.156,57.874,82.152,1.271,1,Stainless Steel,1484.8,314.476,0.5434,0.5274,0.684
D0367,6.366,44.086,89.855,2.077,1,Stainless Steel,1119.2,516.354,1.4794,0.343,0.416
D0368,7.362,65.083,80.257,3.688,0,Mild Steel,1251.0,244.215,0.498,0.5132,1.024
D0369,7.188,34.786,74.985,4.391,0,Mild Steel,533.6,184.337,0.3483,0.2502,1.356
D0370,8.826,48.889,51.236,3.499,2,Aluminium,247.6,29.7,0.0574,0.1015,3.199
D0371,4.176,65.675,95.15,8.774,1,Stainless Steel,791.0,447.55,2.9536,0.3549,0.48
D0372,6.57,39.565,94.171,4.746,1,Stainless Steel,1450.4,641.504,2.2374,0.3329,0.335
D0373,3.752,49.501,63.001,6.302,1,Stainless Steel,1241.8,779.146,2.4625,0.1591,0.276
D0374,7.015,69.006,98.88,1.562,1,Stainless Steel,667.4,186.705,0.5614,0.651,1.152
D0375,4.711,52.047,61.101,7.855,2,Aluminium,611.2,224.482,1.4849,0.0688,0.423
D0376,7.564,54.978,69.868,4.127,0,Mild Steel,245.7,46.13,0.0704,0.3877,5.42
D0377,9.819,36.78,81.659,3.284,2,Aluminium,1375.6,289.618,1.247,0.1354,0.328
D0378,4.419,43.739,42.481,4.197,2,Aluminium,1310.0,495.743,1.542,0.0377,0.192
D0379,4.012,55.02,44.845,6.835,1,Stainless Steel,423.6,148.54,0.2228,0.1346,1.447
D0380,7.315,71.362,45.772,4.914,0,Mild Steel,291.2,28.393,0.02,0.3188,8.805
D0381,6.237,64.832,90.415,2.003,0,Mild Steel,1386.6,457.133,1.3034,0.4879,0.547
D0382,8.443,62.88,59.093,9.403,2,Aluminium,438.6,42.729,0.1386,0.144,2.223
D0383,9.498,56.235,67.91,4.712,2,Aluminium,1065.6,122.613,0.4015,0.1665,0.775
D0384,3.068,69.862,97.528,5.866,0,Mild Steel,1304.1,1322.994,11.9971,0.2789,0.189
D0385,8.956,51.642,89.152,8.855,0,Mild Steel,1445.8,235.047,0.5523,0.5503,1.064
D0386,6.534,67.387,88.929,6.82,0,Mild Steel,227.3,52.533,0.17,0.5226,4.759
D0387,5.361,71.866,88.822,7.978,0,Mild Steel,1402.7,425.324,1.7756,0.4567,0.588
D0388,8.599,70.544,76.34,1.116,2,Aluminium,848.9,124.949,0.4881,0.2125,0.76
D0389,5.471,49.795,78.659,7.387,2,Aluminium,140.1,52.892,0.4847,0.0984,1.796
D0390,8.508,53.733,63.607,7.78,0,Mild Steel,1061.5,133.081,0.1651,0.388,1.879
D0391,8.344,37.082,96.924,6.07,2,Aluminium,636.9,191.529,1.5606,0.1377,0.496
D0392,7.165,44.537,54.692,7.182,0,Mild Steel,716.9,129.182,0.1432,0.2329,1.935
D0393,6.749,38.882,93.443,2.618,1,Stainless Steel,1360.6,642.226,1.9245,0.3335,0.335
D0394,5.332,67.606,76.815,5.073,1,Stainless Steel,969.1,294.628,0.8881,0.3766,0.73
D0395,4.373,72.503,85.127,9.739,2,Aluminium,715.6,299.161,4.2206,0.1239,0.318
D0396,9.122,33.045,53.306,6.914,2,Aluminium,862.5,132.873,0.3019,0.0738,0.715
D0397,8.858,42.135,65.115,6.111,0,Mild Steel,275.9,43.968,0.052,0.3243,5.686
D0398,3.818,41.645,40.031,9.385,0,Mild Steel,270.0,121.252,0.1495,0.0849,2.062
D0399,4.924,55.277,61.766,2.484,0,Mild Steel,985.6,389.29,0.7038,0.2244,0.642
D0400,9.478,34.643,55.366,1.017,0,Mild Steel,390.5,70.686,0.0449,0.2426,3.537
D0401,9.092,40.296,83.905,8.19,2,Aluminium,1250.1,242.066,1.4135,0.1411,0.392
D0402,7.365,52.876,86.586,9.788,2,Aluminium,1202.1,260.289,2.1417,0.1548,0.365
D0403,5.391,59.476,46.886,3.048,0,Mild Steel,1018.4,231.978,0.2253,0.2006,1.078
D0404,3.811,76.56,43.497,5.656,2,Aluminium,955.5,263.68,1.076,0.0582,0.36
D0405,8.091,39.074,45.199,3.261,1,Stainless Steel,161.9,25.451,0.015,0.1943,8.447
D0406,7.977,51.016,43.362,7.457,1,Stainless Steel,1356.3,138.289,0.0885,0.24,1.555
D0407,8.296,40.79,53.866,8.704,1,Stainless Steel,1303.8,186.865,0.1813,0.2479,1.151
D0408,9.536,49.838,93.898,4.081,0,Mild Steel,914.9,167.006,0.3505,0.5955,1.497
D0409,7.873,47.434,96.637,2.786,2,Aluminium,695.0,207.186,1.5707,0.1657,0.459
D0410,4.388,72.296,57.145,9.203,0,Mild Steel,1016.2,284.079,0.621,0.2419,0.88
D0411,9.16,77.415,87.055,8.682,0,Mild Steel,1095.6,111.785,0.2429,0.8238,2.236
D0412,3.624,60.418,77.653,2.738,0,Mild Steel,1201.2,934.617,3.9105,0.2269,0.267
D0413,5.952,40.145,56.85,9.819,0,Mild Steel,1317.0,366.048,0.5716,0.1813,0.683
D0414,6.909,60.625,57.403,4.026,0,Mild Steel,927.2,153.603,0.1754,0.3209,1.628
D0415,5.498,79.463,43.272,7.077,0,Mild Steel,922.8,119.828,0.1132,0.2523,2.086
D0416,7.404,53.835,88.481,3.605,2,Aluminium,746.3,192.942,1.3716,0.1619,0.492
D0417,4.489,31.15,59.532,8.302,2,Aluminium,686.4,446.772,2.98,0.0382,0.213
D0418,7.162,71.637,79.665,6.644,0,Mild Steel,1008.9,167.213,0.3877,0.5454,1.495
D0419,9.039,64.679,96.843,2.782,0,Mild Steel,662.6,112.276,0.252,0.7556,2.227
D0420,5.049,36.247,85.951,4.478,1,Stainless Steel,1165.8,836.0,3.2877,0.2139,0.257
D0421,9.151,55.739,76.019,2.186,2,Aluminium,327.3,50.817,0.1951,0.178,1.869
D0422,4.427,47.357,64.101,9.905,2,Aluminium,1348.0,633.985,5.0101,0.0617,0.15
D0423,3.997,54.372,66.082,7.831,2,Aluminium,790.6,410.288,3.8086,0.0659,0.232
D0424,9.173,34.395,47.896,3.338,1,Stainless Steel,241.8,36.147,0.0207,0.2055,5.948
D0425,8.328,75.331,91.972,1.582,1,Stainless Steel,1109.4,190.568,0.4111,0.7848,1.128
D0426,8.794,57.305,93.567,7.164,0,Mild Steel,1159.3,191.841,0.4874,0.6292,1.303
D0427,3.173,69.104,40.801,9.926,2,Aluminium,962.2,384.293,1.7167,0.0411,0.247
D0428,6.085,43.474,66.323,5.924,2,Aluminium,485.4,151.466,0.8378,0.0805,0.627
D0429,9.465,62.464,81.123,9.103,0,Mild Steel,633.6,69.746,0.1278,0.64,3.584
D0430,7.784,45.742,75.701,3.403,2,Aluminium,120.8,28.963,0.1408,0.1237,3.28
D0431,6.469,36.497,58.923,8.143,0,Mild Steel,103.3,28.825,0.0428,0.1857,8.673
D0432,9.967,50.825,85.372,2.704,2,Aluminium,729.9,115.969,0.5232,0.1985,0.819
D0433,7.125,59.728,97.661,2.299,2,Aluminium,1024.3,303.161,2.5604,0.1908,0.313
D0434,5.494,47.676,91.157,8.54,0,Mild Steel,325.2,144.371,0.6232,0.3186,1.732
D0435,8.303,72.729,62.75,9.488,1,Stainless Steel,586.8,54.025,0.0722,0.5154,3.98
D0436,4.207,66.549,78.518,7.101,0,Mild Steel,478.1,221.006,0.9342,0.2933,1.131
D0437,5.943,51.503,72.616,8.768,1,Stainless Steel,906.1,255.389,0.6653,0.3023,0.842
D0438,8.388,44.432,99.242,7.326,2,Aluminium,1318.2,323.598,2.8483,0.1698,0.294
D0439,4.667,60.12,81.828,2.529,0,Mild Steel,537.3,284.139,0.9634,0.3064,0.88
D0440,3.329,58.661,76.449,7.596,1,Stainless Steel,380.8,304.939,1.6296,0.203,0.705
D0441,3.255,35.589,60.711,1.012,2,Aluminium,1132.9,1684.158,11.9708,0.0323,0.056
D0442,8.803,35.273,49.456,9.278,0,Mild Steel,624.8,84.372,0.0628,0.2049,2.963
D0443,4.342,68.045,50.513,3.543,0,Mild Steel,1262.2,389.45,0.5842,0.1991,0.642
D0444,7.036,58.824,78.207,6.866,1,Stainless Steel,1074.6,218.537,0.52,0.4402,0.984
D0445,9.856,60.879,73.158,6.172,1,Stainless Steel,1474.6,150.345,0.2053,0.597,1.43
D0446,6.252,37.441,40.593,8.964,1,Stainless Steel,1104.1,217.101,0.1673,0.1292,0.99
D0447,8.199,77.029,50.091,8.036,0,Mild Steel,1019.9,74.637,0.0604,0.4222,3.35
D0448,7.283,53.989,98.768,7.789,2,Aluminium,112.7,28.947,0.3019,0.1783,3.282
D0449,5.295,37.245,41.763,9.801,1,Stainless Steel,1352.1,371.056,0.3692,0.112,0.579
D0450,6.019,70.728,79.337,3.169,0,Mild Steel,1006.9,265.161,0.6519,0.4508,0.943
D0451,6.925,40.686,69.662,8.926,2,Aluminium,195.7,50.367,0.2839,0.0901,1.886
D0452,6.692,34.091,74.421,7.029,2,Aluminium,1440.7,524.49,3.369,0.0779,0.181
D0453,3.155,45.001,82.654,5.799,1,Stainless Steel,602.7,763.542,4.9899,0.1596,0.282
D0454,3.045,47.854,52.049,9.824,0,Mild Steel,823.6,657.799,1.7189,0.1012,0.38
D0455,4.754,59.782,40.725,4.437,1,Stainless Steel,1341.6,308.738,0.2923,0.1574,0.696
D0456,3.571,46.12,43.678,7.287,1,Stainless Steel,635.2,321.148,0.5222,0.0978,0.669
D0457,9.26,52.568,46.166,7.499,0,Mild Steel,652.5,52.437,0.0308,0.2999,4.768
D0458,3.139,75.676,64.924,3.532,1,Stainless Steel,871.7,559.872,2.1123,0.2097,0.384
D0459,5.31,56.358,57.539,6.725,2,Aluminium,531.0,138.956,0.6948,0.079,0.684
D0460,3.98,32.606,58.296,6.025,0,Mild Steel,1358.3,1078.549,2.619,0.1009,0.232
D0461,8.041,73.02,58.553,4.068,2,Aluminium,929.6,98.775,0.285,0.1578,0.962
D0462,3.346,65.957,90.657,5.131,0,Mild Steel,436.2,375.977,2.6305,0.267,0.665
D0463,4.26,76.077,42.362,4.507,2,Aluminium,288.2,65.953,0.2159,0.063,1.44
D0464,6.322,79.985,98.024,6.378,1,Stainless Steel,1185.2,273.49,1.1449,0.6741,0.786
D0465,7.678,33.244,73.46,1.149,0,Mild Steel,755.1,281.765,0.3978,0.2502,0.887
D0466,9.942,61.149,77.08,4.831,2,Aluminium,850.2,93.528,0.3756,0.2151,1.016
D0467,6.82,62.135,83.117,3.818,0,Mild Steel,451.3,109.215,0.263,0.47,2.289
D0468,6.982,49.178,91.663,4.381,1,Stainless Steel,148.8,46.885,0.1419,0.428,4.586
D0469,4.935,49.328,67.427,1.326,0,Mild Steel,656.0,346.392,0.6785,0.219,0.722
D0470,9.311,55.345,80.016,2.274,2,Aluminium,1131.3,179.455,0.7521,0.1893,0.529
D0471,3.886,49.096,49.577,4.307,2,Aluminium,1139.7,563.692,2.7943,0.0434,0.169
D0472,3.026,44.043,49.15,1.33,2,Aluminium,1040.0,1112.035,5.8674,0.0301,0.085
D0473,7.447,47.246,60.352,1.977,1,Stainless Steel,1388.8,301.357,0.3243,0.2888,0.713
D0474,3.015,64.895,82.258,7.37,1,Stainless Steel,514.1,488.033,3.3334,0.2189,0.441
D0475,6.378,40.389,74.669,8.481,1,Stainless Steel,304.5,99.239,0.2507,0.2616,2.166
D0476,7.245,36.594,44.94,4.853,2,Aluminium,117.0,22.285,0.0443,0.0547,4.263
D0477,3.783,41.814,92.585,1.465,2,Aluminium,1481.2,2050.6,30.0936,0.0672,0.046
D0478,9.361,50.251,72.496,7.529,0,Mild Steel,601.5,77.804,0.1112,0.4551,3.213
D0479,9.2,34.854,41.964,8.815,1,Stainless Steel,805.6,87.075,0.0455,0.183,2.469
D0480,3.688,48.395,55.681,9.578,0,Mild Steel,1435.7,826.753,2.0412,0.1326,0.302
D0481,3.005,56.684,98.325,4.557,0,Mild Steel,1425.8,1926.294,17.6281,0.2235,0.13
D0482,5.307,71.704,95.27,2.315,2,Aluminium,751.2,311.229,3.5132,0.1664,0.305
D0483,6.632,54.835,55.258,8.072,0,Mild Steel,1291.2,215.261,0.2724,0.2682,1.161
D0484,7.782,32.397,82.747,7.239,2,Aluminium,1080.2,348.074,2.3236,0.0958,0.273
D0485,8.062,41.317,94.223,1.539,1,Stainless Steel,107.2,36.702,0.0859,0.4268,5.858
D0486,4.473,50.578,70.531,3.301,0,Mild Steel,1232.2,686.039,1.9101,0.2129,0.364
D0487,9.419,36.857,78.841,5.525,1,Stainless Steel,576.7,116.009,0.1902,0.3722,1.853
D0488,6.046,65.368,91.334,1.938,1,Stainless Steel,821.6,288.844,0.8982,0.4909,0.744
D0489,7.655,38.32,76.58,4.037,2,Aluminium,565.5,164.019,0.8566,0.1031,0.579
D0490,6.785,39.413,72.26,5.536,1,Stainless Steel,1071.6,334.389,0.6807,0.2628,0.643
D0491,3.716,62.773,48.136,1.078,2,Aluminium,105.5,54.621,0.2119,0.0515,1.739
D0492,7.579,53.283,90.79,4.971,2,Aluminium,798.8,193.604,1.4941,0.1683,0.491
D0493,5.848,31.443,93.391,9.226,2,Aluminium,393.5,238.996,2.9544,0.0788,0.397
D0494,6.141,40.931,42.241,2.506,1,Stainless Steel,1254.2,304.641,0.2066,0.1444,0.706
D0495,9.983,57.428,47.328,4.517,0,Mild Steel,1499.1,108.228,0.0556,0.3621,2.31
D0496,5.531,47.321,46.281,8.569,1,Stainless Steel,1465.1,328.387,0.3759,0.1647,0.655
D0497,6.436,33.73,93.289,3.665,0,Mild Steel,291.8,163.41,0.5269,0.2703,1.53
D0498,8.981,30.519,84.42,5.828,1,Stainless Steel,583.9,163.954,0.3294,0.3147,1.311
D0499,8.869,35.8,66.495,6.671,2,Aluminium,368.6,69.278,0.2516,0.0969,1.371
D0500,4.499,75.037,81.579,9.868,1,Stainless Steel,1377.5,503.812,2.2684,0.3745,0.427
D0501,4.19,32.86,81.405,9.493,0,Mild Steel,1417.7,1362.419,6.3296,0.1496,0.183
D0502,4.773,77.755,94.606,9.767,1,Stainless Steel,1106.5,402.442,2.2972,0.4775,0.534
D0503,7.766,77.965,75.988,4.704,2,Aluminium,454.1,60.858,0.3163,0.2112,1.561
D0504,5.02,64.405,57.777,7.607,2,Aluminium,477.5,119.532,0.6552,0.0857,0.795
D0505,7.058,61.62,82.063,1.891,0,Mild Steel,723.2,181.936,0.3689,0.4763,1.374
D0506,4.853,78.257,96.11,3.703,1,Stainless Steel,154.5,63.953,0.3178,0.4964,3.362
D0507,5.746,52.947,94.431,5.785,1,Stainless Steel,1187.4,482.839,2.063,0.3907,0.445
D0508,9.807,32.768,71.862,6.205,0,Mild Steel,556.1,104.324,0.1336,0.3082,2.396
D0509,9.586,30.047,84.366,6.006,0,Mild Steel,675.1,170.003,0.3064,0.3243,1.471
D0510,3.836,50.086,84.683,6.935,0,Mild Steel,360.6,285.106,1.5498,0.2171,0.877
D0511,8.139,69.458,71.536,4.811,2,Aluminium,1354.7,175.468,0.7678,0.1856,0.541
D0512,3.354,73.581,96.274,2.448,2,Aluminium,260.9,243.002,4.8636,0.109,0.391
D0513,3.949,70.943,52.725,5.702,2,Aluminium,1220.9,411.957,2.3737,0.0678,0.231
D0514,8.129,46.663,97.99,4.59,2,Aluminium,132.7,35.421,0.2887,0.1706,2.682
D0515,8.46,73.12,99.725,6.358,2,Aluminium,801.1,121.52,1.0403,0.2831,0.782
D0516,8.079,60.359,72.014,3.878,0,Mild Steel,335.8,53.062,0.0788,0.4687,4.712
D0517,6.208,32.014,64.892,9.967,2,Aluminium,898.0,329.569,1.8572,0.0592,0.288
D0518,6.483,42.972,68.483,9.318,0,Mild Steel,960.1,257.957,0.5267,0.2546,0.969
D0519,5.686,40.509,53.235,6.803,1,Stainless Steel,1079.3,320.163,0.4532,0.1668,0.672
D0520,6.116,37.993,71.259,8.786,1,Stainless Steel,699.8,248.671,0.6038,0.2252,0.865
D0521,8.724,73.611,78.154,6.149,1,Stainless Steel,1492.9,167.861,0.3023,0.6825,1.281
D0522,6.393,36.365,41.077,6.99,0,Mild Steel,1268.2,259.854,0.185,0.1274,0.962
D0523,4.25,70.432,43.151,6.118,0,Mild Steel,647.7,155.668,0.1925,0.1724,1.606
D0524,4.406,47.067,62.314,5.563,2,Aluminium,977.6,482.178,3.4064,0.0593,0.197
D0525,3.771,74.17,80.977,6.341,0,Mild Steel,264.3,140.755,0.7055,0.3023,1.776
D0526,8.77,41.537,53.666,5.421,0,Mild Steel,1067.8,148.189,0.1178,0.2609,1.687
D0527,8.821,58.042,67.711,4.756,2,Aluminium,1207.1,153.316,0.5454,0.1591,0.62
D0528,6.402,65.295,70.079,4.003,0,Mild Steel,829.9,179.176,0.3335,0.3909,1.395
D0529,3.05,46.437,49.843,8.247,2,Aluminium,372.3,292.519,2.0285,0.0324,0.325
D0530,9.908,54.689,86.22,9.645,2,Aluminium,350.0,42.582,0.2445,0.2144,2.231
D0531,3.91,69.548,47.919,5.849,1,Stainless Steel,990.3,314.421,0.5432,0.1772,0.684
D0532,6.338,71.3,95.743,2.633,0,Mild Steel,1219.5,360.902,1.1794,0.5774,0.693
D0533,4.099,64.134,64.361,5.451,0,Mild Steel,339.2,145.315,0.4096,0.2258,1.72
D0534,7.902,69.759,76.293,1.906,0,Mild Steel,173.6,28.955,0.0448,0.5612,8.634
D0535,9.375,34.963,92.06,4.338,1,Stainless Steel,297.0,77.394,0.1667,0.4104,2.778
D0536,6.867,68.961,40.118,9.674,0,Mild Steel,1121.2,98.301,0.0648,0.2535,2.543
D0537,5.452,75.429,74.385,7.276,1,Stainless Steel,1333.7,317.096,0.9305,0.416,0.678
D0538,3.586,58.48,55.533,7.071,0,Mild Steel,348.5,175.416,0.4425,0.1554,1.425
D0539,4.832,66.802,68.212,2.53,1,Stainless Steel,784.0,291.91,0.6841,0.2995,0.737
D0540,5.191,77.598,98.997,2.689,0,Mild Steel,630.0,254.404,1.1259,0.5322,0.983
D0541,9.595,52.706,47.261,4.453,2,Aluminium,1468.0,124.3,0.1929,0.1097,0.764
D0542,6.553,57.092,63.477,8.242,0,Mild Steel,747.2,139.999,0.2379,0.3169,1.786
D0543,4.54,68.896,68.875,5.498,0,Mild Steel,492.3,173.882,0.4989,0.2875,1.438
D0544,7.839,71.125,61.801,9.295,0,Mild Steel,523.4,54.092,0.0721,0.4598,4.622
D0545,6.447,38.933,42.564,3.994,2,Aluminium,925.6,201.047,0.3966,0.049,0.473
D0546,6.806,33.435,51.786,8.869,0,Mild Steel,188.9,45.444,0.0498,0.1573,5.501
D0547,6.08,59.975,42.944,1.52,1,Stainless Steel,682.7,125.451,0.0831,0.213,1.714
D0548,7.72,41.402,69.447,9.419,1,Stainless Steel,1384.3,283.418,0.5045,0.3019,0.759
D0549,9.112,64.013,80.883,1.829,1,Stainless Steel,1422.2,210.101,0.322,0.6416,1.023
D0550,6.456,76.816,89.781,2.373,2,Aluminium,484.9,122.662,0.9843,0.2044,0.774
D0551,7.629,34.023,62.916,8.004,2,Aluminium,919.3,218.198,0.8785,0.075,0.435
D0552,5.137,37.344,88.13,4.62,1,Stainless Steel,1153.4,793.127,3.2317,0.2299,0.271
D0553,5.407,38.757,71.19,5.72,2,Aluminium,858.2,402.126,2.9291,0.0685,0.236
D0554,8.484,66.463,81.332,3.957,0,Mild Steel,587.7,86.79,0.1558,0.612,2.881
D0555,6.358,56.517,87.311,3.279,2,Aluminium,1110.9,362.451,2.9508,0.144,0.262
D0556,3.288,74.279,58.349,3.021,1,Stainless Steel,475.4,264.588,0.7415,0.1938,0.813
D0557,4.305,77.241,79.236,4.49,2,Aluminium,832.2,344.435,3.8934,0.1209,0.276
D0558,6.667,56.109,85.646,4.661,2,Aluminium,605.4,167.823,1.3261,0.1471,0.566
D0559,9.267,71.577,58.626,2.71,2,Aluminium,301.0,26.726,0.0617,0.1785,3.555
D0560,4.603,31.781,54.565,4.14,2,Aluminium,137.9,85.902,0.4188,0.0366,1.106
D0561,7.842,75.792,76.694,3.976,1,Stainless Steel,1275.7,179.764,0.3264,0.6199,1.196
D0562,9.46,51.806,45.527,4.867,0,Mild Steel,1266.3,106.198,0.0545,0.2978,2.354
D0563,3.804,74.427,67.531,9.159,1,Stainless Steel,736.9,314.556,1.1477,0.2601,0.684
D0564,7.298,76.476,73.24,7.578,0,Mild Steel,317.2,42.681,0.0838,0.5455,5.857
D0565,3.545,48.527,51.195,5.171,2,Aluminium,1045.0,620.348,3.7601,0.0404,0.153
D0566,7.821,65.628,87.178,3.418,0,Mild Steel,445.9,85.028,0.1882,0.5972,2.94
D0567,9.904,59.046,43.954,6.598,0,Mild Steel,1293.1,79.939,0.0383,0.343,3.127
D0568,9.281,71.946,64.573,7.714,0,Mild Steel,200.2,16.289,0.0187,0.5754,15.348
D0569,4.647,41.047,97.056,4.101,1,Stainless Steel,899.8,760.263,4.1381,0.2518,0.283
D0570,3.436,55.564,95.494,1.393,1,Stainless Steel,740.8,957.985,5.9291,0.248,0.224
D0571,4.244,30.214,94.318,8.36,2,Aluminium,987.2,1166.761,20.793,0.0555,0.081
D0572,9.627,63.028,57.857,9.749,1,Stainless Steel,619.3,46.118,0.0442,0.4775,4.662
D0573,7.918,35.456,82.968,6.233,0,Mild Steel,764.0,224.956,0.4957,0.3109,1.111
D0574,9.649,56.299,52.544,7.211,0,Mild Steel,323.9,25.878,0.0186,0.3809,9.661
D0575,8.779,75.629,45.298,4.686,0,Mild Steel,1383.1,91.201,0.0502,0.4014,2.741
D0576,6.276,34.227,77.96,2.327,1,Stainless Steel,818.7,426.488,0.9503,0.2277,0.504
D0577,3.99,30.159,92.145,5.405,2,Aluminium,642.4,881.637,15.2112,0.0509,0.108
D0578,7.594,78.498,84.106,8.828,1,Stainless Steel,874.4,119.145,0.3136,0.6819,1.805
D0579,9.707,52.752,73.538,3.436,2,Aluminium,340.4,45.675,0.1627,0.1728,2.08
D0580,8.751,50.002,74.18,6.691,0,Mild Steel,705.7,108.473,0.1719,0.4331,2.305
D0581,5.002,35.006,44.085,9.685,0,Mild Steel,213.4,73.376,0.0835,0.103,3.407
D0582,4.626,53.419,90.194,9.656,2,Aluminium,411.3,221.007,3.309,0.1023,0.43
D0583,5.815,79.154,78.347,2.97,0,Mild Steel,178.3,44.626,0.1102,0.4813,5.602
D0584,5.588,32.23,79.015,9.999,0,Mild Steel,229.0,123.818,0.4017,0.1899,2.019
D0585,6.698,68.416,96.484,2.175,1,Stainless Steel,641.2,185.023,0.5805,0.6013,1.162
D0586,5.921,36.11,51.641,1.295,2,Aluminium,413.4,162.291,0.4402,0.0507,0.585
D0587,5.98,63.316,70.344,4.167,2,Aluminium,952.4,239.015,1.4196,0.1222,0.397
D0588,8.991,54.307,81.791,9.336,0,Mild Steel,1332.0,185.735,0.3693,0.533,1.346
D0589,5.193,76.731,93.719,6.292,2,Aluminium,239.3,78.925,1.0625,0.1714,1.204
D0590,9.015,67.056,91.42,9.701,2,Aluminium,1407.0,175.504,1.2684,0.2537,0.541
D0591,5.017,62.935,98.485,2.546,2,Aluminium,1482.5,789.225,10.3323,0.1427,0.12
D0592,7.511,75.904,90.399,3.081,2,Aluminium,165.5,30.996,0.2204,0.2366,3.065
D0593,8.264,52.336,57.29,8.056,0,Mild Steel,885.7,107.517,0.1128,0.3307,2.325
D0594,9.679,46.723,96.772,6.046,2,Aluminium,1429.6,260.618,1.7729,0.2009,0.365
D0595,5.34,30.946,99.387,6.971,0,Mild Steel,579.5,469.518,2.4152,0.2192,0.532
D0596,5.93,42.279,95.629,3.854,2,Aluminium,730.3,384.394,4.1985,0.1101,0.247
D0597,8.85,30.393,50.99,1.741,1,Stainless Steel,783.5,163.26,0.1022,0.1865,1.317
D0598,5.086,67.245,44.745,2.573,2,Aluminium,128.9,28.412,0.0757,0.0702,3.344
D0599,6.596,36.932,41.669,7.847,1,Stainless Steel,595.7,112.857,0.0843,0.138,1.905
D0600,9.563,75.362,95.379,2.215,1,Stainless Steel,902.4,119.489,0.2462,0.9348,1.799
